{
    "Validation RMSE": 1.1568494133117035,
    "Validation MAPE": 1.0905545947273476,
    "Test RMSE": 0.7281045964674089,
    "Test MAPE": 2.211751546634745
}